Numéro,Arcane (Tarot de Marseille),CyberSécurité (Nom et Description),Archétypes Génériques (Nom et Description),Univers CyberPunk (Nom et Description),Interprétation,Personnage,Scénario,Enjeu
0,Le Mat (Le Fou),L'Exploit Inconnu : Audace et imprévisibilité des attaques zero-day ou des failles non documentées.,L'Innocent : Débutant ou apprenti ignorant les dangers, mais porteur d'un potentiel infini.,Le Renégat : Hacker anarchiste ou IA échappée, agissant de manière imprévisible.,Représente l'imprévisibilité, la liberté absolue et le potentiel infini.,Un jeune hacker idéaliste ou un programme IA échappé.,Un hacker inconnu lance une attaque imprévisible sur un système corporatif.,Risque élevé, récompense élevée.
I,Le Bateleur,L'Ingénieur Social : Manipulation et tromperie pour obtenir des informations sensibles.,Le Trickster : Ruse et adaptabilité, caractéristiques des hackers et des espions.,Le Mercenaire : Hacker solitaire utilisant la ruse pour survivre.,Représente la créativité et la capacité à tromper.,Un espion ou un hacker freelance.,Un hacker utilise des techniques d'ingénierie sociale pour infiltrer une entreprise.,Découverte d'une faille majeure.
II,La Papesse,L'Analyste : Compréhension approfondie des attaques et retracement des intrusions.,Le Sage : Expert en sécurité, analyste.,L'Oracle : Analyste des mégadonnées, devin numérique.,Représente la connaissance secrète et l'analyse approfondie.,Un analyste forensique ou un expert en cybersécurité.,Une équipe doit retracer une intrusion complexe.,Découverte d'une information cachée.
III,L'Impératrice,L'Administrateur : Gestion et organisation des infrastructures de sécurité.,Le Leader : Chef d'équipe, manager.,La Dirigeante : PDG ou leader d'une mégacorporation.,Représente l'organisation et la maîtrise des systèmes.,Un responsable sécurité ou un chef de projet.,Mise en place d'un nouveau protocole de sécurité.,Équilibre entre sécurité et accessibilité.
IV,L'Empereur,Le Contrôleur : Mise en place de pare-feu et de politiques de sécurité strictes.,L'Autorité : Responsable sécurité, directeur.,Le Dictateur : IA contrôlant une ville ou gouvernement autoritaire.,Représente l'autorité et le contrôle strict.,Un directeur de la sécurité ou une IA gestionnaire.,Une IA prend le contrôle d'une ville.,Conflit entre liberté et sécurité.
V,Le Pape,Le Cryptographe : Utilisation de cryptographie pour protéger les communications.,Le Mentor : Formateur, conseiller.,Le Prophète : Guru du cyberespace, leader spirituel underground.,Représente la sagesse et les secrets partagés.,Un expert en cryptographie ou un mentor.,Un groupe doit déchiffrer un message crypté.,Découverte d'un secret corporatif.
VI,Les Amoureux,Le Collaborateur : Travail d'équipe entre Red, Blue et Purple Teams.,Le Médiateur : Négociateur, diplomate.,Les Amants Virtuels : Relation entre humain et IA.,Représente l'harmonie et la confiance.,Un médiateur ou un négociateur.,Une alliance entre factions rivales.,Équilibre des intérêts divergents.
VII,Le Chariot,Le Répondant : Coordination et réaction rapide aux crises.,Le Guerrier : Spécialiste en réponse aux incidents.,Le Mercenaire : Soldat augmenté, chasseur de primes.,Représente la détermination et l'action.,Un spécialiste en réponse aux incidents.,Une équipe doit réagir à une cyber-attaque.,Rapidité et efficacité.
VIII,La Justice,L'Auditeur : Respect des normes de sécurité et des réglementations.,Le Juge : Auditeur, inspecteur.,Le Justicier : Hacker éthique, activiste.,Représente l'équité et l'évaluation.,Un auditeur ou un inspecteur.,Un audit de sécurité est mené.,Conformité et transparence.
IX,L'Ermite,Le Détective : Surveillance discrète des systèmes pour détecter les intrusions.,Le Détective : Analyste forensique, enquêteur.,Le Reclus : Hacker paria, ermite numérique.,Représente la vigilance et la quête de vérité.,Un analyste forensique.,Une enquête sur une intrusion.,Découverte de la vérité.
X,La Roue de Fortune,Le Spéculateur : Vulnérabilités imprévues et attaques aléatoires.,Le Chanceux : Opportuniste, spéculateur.,Le Trader : Spéculateur des cryptomonnaies.,Représente le hasard et les opportunités.,Un trader ou un opportuniste.,Un marché noir de données est découvert.,Gain ou perte financière.
XI,La Force,Le Protecteur : Résistance aux attaques et redondance des systèmes.,Le Protecteur : Gardien, défenseur.,Le Gardien : Protecteur des systèmes.,Représente la protection et la robustesse.,Un gardien de données.,Une attaque massive est repoussée.,Résilience des systèmes.
XII,Le Pendu,Le Leurrage : Utilisation de honeypots pour attirer et piéger les attaquants.,Le Sacrifié : Bouc émissaire, martyr.,Le Prisonnier : Victime de chantage ou esclave numérique.,Représente le sacrifice et les pièges.,Une victime de chantage.,Un honeypot est utilisé pour piéger un attaquant.,Capture d'un criminel.
XIII,La Mort,Le Destructeur : Attaques par ransomware ou suppression de données critiques.,Le Destructeur : Saboteur, criminel.,Le Virus : Malware destructeur, IA tueuse.,Représente la destruction et la transformation.,Un saboteur ou un criminel.,Une attaque par ransomware.,Perte de données critiques.
XIV,La Tempérance,Le Restaurateur : Mise en place de sauvegardes et restauration des données.,Le Guérisseur : Technicien de récupération.,Le Technicien : Expert en sauvegarde.,Représente l'équilibre et la restauration.,Un technicien de récupération.,Restauration de données après une attaque.,Sauvegarde des informations.
XV,Le Diable,Le Corrupteur : Création et déploiement de virus et de programmes malveillants.,Le Corrupteur : Hacker black hat, criminel.,Le Corrupteur : Hacker malveillant.,Représente la corruption et la manipulation.,Un hacker malveillant.,Un malware se propage dans un système.,Contamination du réseau.
XVI,La Maison Dieu,Le Chaos : Crash système ou attaque par déni de service.,Le Cataclysme : Agent du chaos, terroriste.,Le Chaos : Effondrement des réseaux, cyber-guerre.,Représente la destruction soudaine.,Un terroriste ou un agent du chaos.,Une cyber-guerre éclate.,Perturbation majeure des infrastructures.
XVII,L'Étoile,L'Innovateur : Nouvelles technologies et solutions de sécurité.,Le Visionnaire : Innovateur, chercheur.,L'Innovateur : Chercheur en IA, scientifique.,Représente l'espoir et l'innovation.,Un chercheur ou un innovateur.,Une nouvelle technologie est développée.,Avancée technologique.
XVIII,La Lune,L'Illusionniste : Faux sites web, deepfakes.,L'Illusionniste : Espion, manipulateur.,L'Illusionniste : Espion du Darknet.,Représente les illusions et les mensonges.,Un espion ou un manipulateur.,Un faux site web est utilisé pour tromper.,Découverte de la supercherie.
XIX,Le Soleil,Le Détecteur : Détection efficace des intrusions et succès des contre-mesures.,Le Héros : Sauveur, champion.,Le Héros : Sauveur numérique, champion.,Représente le succès et la clarté.,Un héros ou un champion.,Une intrusion est détectée et neutralisée.,Sécurité renforcée.
XX,Le Jugement,L'Évaluateur : Tests d'intrusion, évaluation des risques.,Le Juge : Arbitre, évaluateur.,Le Juge : Auditeur, évaluateur de sécurité.,Représente l'évaluation et la décision.,Un auditeur ou un évaluateur.,Un test d'intrusion est mené.,Amélioration des défenses.
XXI,Le Monde,L'Architecte : Systèmes intégrés et sécurité holistique.,Le Maître : Expert ultime, architecte.,L'Architecte : Créateur de systèmes, maître du cyberespace.,Représente l'achèvement et l'intégration.,Un architecte de systèmes.,Un système intégré est mis en place.,Sécurité globale.